Label,CAGR (%),Ann. Return (%),Ann. Vol (%),Sharpe,Sortino,Calmar,Max Drawdown (%),Win Rate (%),Best Month (%),Worst Month (%),Avg Up Month (%),Avg Dn Month (%),N Days,N Years,mom_weight,top_n,Turnover (% /mo)
MOM0_N10,19.43,18.98,15.55,0.85,1.06,0.43,-45.33,63.6,17.42,-31.18,4.61,-3.63,4069,16.1,0.0,10,87.4
MOM0_N15,18.29,17.92,14.93,0.81,1.0,0.41,-45.08,63.1,20.78,-31.18,4.62,-3.74,4069,16.1,0.0,15,84.2
MOM0_N20,20.46,19.66,14.4,0.96,1.19,0.49,-41.52,66.2,24.73,-27.97,4.52,-3.88,4069,16.1,0.0,20,81.8
MOM0_N25,21.46,20.46,14.2,1.03,1.28,0.54,-39.77,66.2,22.74,-27.39,4.54,-3.73,4069,16.1,0.0,25,79.6
MOM0_N30,21.56,20.52,14.03,1.05,1.3,0.54,-39.86,66.7,21.13,-28.53,4.48,-3.72,4069,16.1,0.0,30,77.0
MOM10_N10,22.17,21.25,15.56,0.99,1.27,0.53,-42.08,69.9,12.83,-30.36,4.29,-4.04,4030,16.0,0.1,10,88.8
MOM10_N15,22.6,21.47,14.67,1.07,1.35,0.55,-41.15,68.4,15.0,-28.91,4.34,-3.66,4030,16.0,0.1,15,85.6
MOM10_N20,22.82,21.6,14.34,1.1,1.35,0.55,-41.17,71.9,17.23,-28.82,4.2,-4.26,4030,16.0,0.1,20,82.7
MOM10_N25,21.94,20.85,14.15,1.06,1.3,0.54,-40.87,67.9,17.23,-28.11,4.42,-3.84,4030,16.0,0.1,25,80.6
MOM10_N30,22.15,21.01,14.04,1.08,1.33,0.56,-39.83,67.9,17.88,-26.7,4.41,-3.78,4030,16.0,0.1,30,78.3
MOM20_N10,25.1,23.78,16.54,1.09,1.39,0.62,-40.48,70.4,15.29,-30.19,4.51,-4.03,4030,16.0,0.2,10,87.3
MOM20_N15,25.6,23.99,15.36,1.18,1.47,0.65,-39.5,68.4,15.27,-28.41,4.59,-3.56,4030,16.0,0.2,15,84.9
MOM20_N20,25.33,23.69,14.8,1.21,1.49,0.66,-38.19,68.9,16.45,-26.21,4.51,-3.61,4030,16.0,0.2,20,82.1
MOM20_N25,23.79,22.41,14.51,1.14,1.4,0.65,-36.85,68.4,16.42,-25.33,4.42,-3.62,4030,16.0,0.2,25,80.0
MOM20_N30,23.74,22.34,14.32,1.15,1.42,0.65,-36.79,67.3,16.59,-24.92,4.47,-3.46,4030,16.0,0.2,30,78.2
MOM30_N10,27.64,25.94,17.42,1.15,1.47,0.7,-39.43,70.9,16.14,-31.3,4.81,-4.24,4030,16.0,0.3,10,87.3
MOM30_N15,25.81,24.27,16.07,1.15,1.41,0.67,-38.51,70.4,14.68,-28.4,4.56,-3.98,4030,16.0,0.3,15,83.8
MOM30_N20,27.28,25.36,15.57,1.25,1.52,0.72,-37.8,71.4,16.25,-25.95,4.57,-4.0,4030,16.0,0.3,20,80.8
MOM30_N25,26.39,24.6,15.22,1.23,1.51,0.74,-35.9,66.8,16.57,-24.83,4.79,-3.43,4030,16.0,0.3,25,78.4
MOM30_N30,25.64,23.95,14.88,1.22,1.5,0.74,-34.5,68.4,16.57,-23.55,4.54,-3.48,4030,16.0,0.3,30,75.7
MOM40_N10,26.45,25.15,18.22,1.06,1.32,0.67,-39.74,70.9,18.95,-25.81,4.75,-4.39,4030,16.0,0.4,10,85.8
MOM40_N15,28.34,26.38,16.78,1.22,1.51,0.76,-37.07,70.4,20.73,-26.27,4.88,-4.14,4030,16.0,0.4,15,82.9
MOM40_N20,27.3,25.48,16.26,1.21,1.47,0.75,-36.43,69.4,18.38,-25.08,4.82,-3.94,4030,16.0,0.4,20,79.4
MOM40_N25,27.2,25.33,15.85,1.23,1.49,0.75,-36.21,68.9,17.94,-24.97,4.82,-3.85,4030,16.0,0.4,25,76.2
MOM40_N30,26.6,24.81,15.52,1.22,1.48,0.74,-35.89,67.3,16.69,-23.88,4.8,-3.54,4030,16.0,0.4,30,73.6
MOM50_N10,26.62,25.42,18.97,1.03,1.28,0.68,-39.29,69.4,25.2,-24.65,5.06,-4.53,4030,16.0,0.5,10,84.8
MOM50_N15,28.83,26.92,17.71,1.19,1.45,0.76,-37.78,71.4,19.2,-23.81,4.91,-4.41,4030,16.0,0.5,15,81.3
MOM50_N20,29.27,27.13,16.98,1.25,1.52,0.78,-37.62,68.4,20.05,-25.15,5.13,-3.89,4030,16.0,0.5,20,77.4
MOM50_N25,28.63,26.58,16.59,1.25,1.51,0.77,-37.12,68.4,17.37,-25.23,5.06,-3.89,4030,16.0,0.5,25,74.3
MOM50_N30,29.45,27.17,16.3,1.31,1.57,0.8,-36.89,71.9,16.67,-25.36,4.78,-4.16,4030,16.0,0.5,30,71.7
MOM60_N10,28.81,27.25,19.54,1.1,1.38,0.71,-40.81,67.9,25.2,-23.74,5.4,-4.31,4030,16.0,0.6,10,83.0
MOM60_N15,31.32,29.01,18.63,1.24,1.51,0.77,-40.53,68.9,22.55,-26.63,5.44,-4.24,4030,16.0,0.6,15,79.3
MOM60_N20,30.68,28.37,17.85,1.26,1.52,0.78,-39.2,69.9,19.01,-25.21,5.2,-4.2,4030,16.0,0.6,20,74.9
MOM60_N25,32.18,29.45,17.42,1.36,1.63,0.84,-38.2,69.9,19.63,-24.57,5.2,-3.91,4030,16.0,0.6,25,71.4
MOM60_N30,31.09,28.58,17.22,1.32,1.57,0.79,-39.25,70.4,16.7,-27.23,5.05,-3.96,4030,16.0,0.6,30,68.0
MOM70_N10,32.41,30.17,20.34,1.2,1.53,0.75,-42.96,69.9,28.67,-23.74,5.69,-4.8,4030,16.0,0.7,10,81.1
MOM70_N15,33.75,30.98,19.36,1.3,1.6,0.82,-41.13,69.9,22.6,-24.73,5.59,-4.37,4030,16.0,0.7,15,75.9
MOM70_N20,33.89,30.99,18.82,1.34,1.62,0.85,-39.93,69.9,21.55,-26.83,5.48,-4.13,4030,16.0,0.7,20,71.1
MOM70_N25,33.35,30.53,18.54,1.33,1.58,0.83,-40.34,70.9,17.86,-26.93,5.28,-4.14,4030,16.0,0.7,25,66.3
MOM70_N30,33.14,30.31,18.2,1.35,1.59,0.82,-40.34,71.9,18.29,-26.63,5.22,-4.36,4030,16.0,0.7,30,62.0
MOM80_N10,38.88,35.16,21.37,1.37,1.76,0.95,-41.08,68.9,24.2,-23.74,6.14,-4.19,4030,16.0,0.8,10,78.0
MOM80_N15,36.65,33.33,20.37,1.35,1.67,0.9,-40.95,70.4,24.87,-26.61,5.83,-4.47,4030,16.0,0.8,15,69.0
MOM80_N20,33.92,31.23,19.95,1.27,1.54,0.85,-39.89,68.9,22.3,-26.56,5.7,-4.22,4030,16.0,0.8,20,61.8
MOM80_N25,35.55,32.42,19.82,1.34,1.6,0.9,-39.44,72.4,19.98,-24.0,5.53,-4.73,4030,16.0,0.8,25,55.5
MOM80_N30,34.92,31.95,19.81,1.32,1.56,0.87,-39.94,72.4,19.82,-24.78,5.58,-4.97,4030,16.0,0.8,30,50.1
MOM90_N10,45.46,40.23,23.3,1.48,1.92,1.18,-38.45,70.9,29.27,-23.35,6.84,-5.1,4030,16.0,0.9,10,62.7
MOM90_N15,41.42,37.21,22.42,1.4,1.76,1.12,-36.87,69.4,25.11,-21.14,6.67,-4.95,4030,16.0,0.9,15,51.6
MOM90_N20,39.12,35.46,21.89,1.35,1.64,0.97,-40.49,70.9,21.26,-26.69,6.32,-5.19,4030,16.0,0.9,20,44.0
MOM90_N25,35.47,32.7,21.46,1.25,1.49,0.88,-40.39,69.9,22.32,-26.6,6.11,-5.1,4030,16.0,0.9,25,39.1
MOM90_N30,37.61,34.19,21.08,1.35,1.6,0.96,-39.25,68.9,21.84,-25.62,6.24,-4.62,4030,16.0,0.9,30,35.8
MOM100_N10,41.46,38.04,25.75,1.25,1.63,0.88,-46.87,68.4,32.41,-28.36,7.52,-6.02,4030,16.0,1.0,10,31.8
MOM100_N15,42.99,38.69,24.02,1.37,1.71,1.01,-42.46,69.9,27.79,-24.85,7.18,-5.77,4030,16.0,1.0,15,30.2
MOM100_N20,45.26,40.06,23.13,1.48,1.81,1.16,-39.07,70.4,27.18,-24.84,7.07,-5.42,4030,16.0,1.0,20,28.4
MOM100_N25,42.77,38.19,22.52,1.44,1.72,1.07,-40.01,69.4,25.85,-26.25,6.82,-4.95,4030,16.0,1.0,25,27.1
MOM100_N30,41.1,36.89,21.98,1.41,1.68,1.06,-38.78,70.9,22.61,-24.3,6.47,-5.12,4030,16.0,1.0,30,25.6
