Symbol,Company Name,Industry,ListingDate
360ONE,360 ONE WAM Ltd.,Financial Services,2019-09-19
3MINDIA,3M India Ltd.,Diversified,2004-08-13
ABB,ABB India Ltd.,Capital Goods,1995-02-08
ACC,ACC Ltd.,Construction Materials,1996-11-20
ACMESOLAR,ACME Solar Holdings Ltd.,Power,2024-11-13
AIAENG,AIA Engineering Ltd.,Capital Goods,2005-12-14
APLAPOLLO,APL Apollo Tubes Ltd.,Capital Goods,2011-12-14
AUBANK,AU Small Finance Bank Ltd.,Financial Services,2017-07-10
AWL,AWL Agri Business Ltd.,Fast Moving Consumer Goods,2022-02-08
AADHARHFC,Aadhar Housing Finance Ltd.,Financial Services,2024-05-15
AARTIIND,Aarti Industries Ltd.,Chemicals,1995-02-08
AAVAS,Aavas Financiers Ltd.,Financial Services,2018-10-08
ABBOTINDIA,Abbott India Ltd.,Healthcare,2010-01-08
ACE,Action Construction Equipment Ltd.,Capital Goods,2006-09-26
ACUTAAS,Acutaas Chemicals Ltd.,Healthcare,2021-09-14
ADANIENSOL,Adani Energy Solutions Ltd.,Power,2015-07-31
ADANIENT,Adani Enterprises Ltd.,Metals & Mining,1997-06-04
ADANIGREEN,Adani Green Energy Ltd.,Power,2018-06-18
ADANIPORTS,Adani Ports and Special Economic Zone Ltd.,Services,2007-11-27
ADANIPOWER,Adani Power Ltd.,Power,2009-08-20
ATGL,Adani Total Gas Ltd.,Oil Gas & Consumable Fuels,2018-11-05
ABCAPITAL,Aditya Birla Capital Ltd.,Financial Services,2017-09-01
ABFRL,Aditya Birla Fashion and Retail Ltd.,Consumer Services,2013-07-17
ABLBL,Aditya Birla Lifestyle Brands Ltd.,Consumer Services,2025-06-23
ABREL,Aditya Birla Real Estate Ltd.,Realty,2003-06-27
ABSLAMC,Aditya Birla Sun Life AMC Ltd.,Financial Services,2021-10-11
CPPLUS,Aditya Infotech Ltd.,Capital Goods,2025-08-05
AEGISLOG,Aegis Logistics Ltd.,Oil Gas & Consumable Fuels,1996-04-03
AEGISVOPAK,Aegis Vopak Terminals Ltd.,Oil Gas & Consumable Fuels,2025-06-02
AFCONS,Afcons Infrastructure Ltd.,Construction,2024-11-04
AFFLE,Affle 3i Ltd.,Information Technology,2019-08-08
AJANTPHARM,Ajanta Pharmaceuticals Ltd.,Healthcare,2000-05-29
ALKEM,Alkem Laboratories Ltd.,Healthcare,2015-12-23
ABDL,Allied Blenders and Distillers Ltd.,Fast Moving Consumer Goods,2024-07-02
ARE&M,Amara Raja Energy & Mobility Ltd.,Automobile and Auto Components,2003-09-05
AMBER,Amber Enterprises India Ltd.,Consumer Durables,2018-01-30
AMBUJACEM,Ambuja Cements Ltd.,Construction Materials,1998-02-18
ANANDRATHI,Anand Rathi Wealth Ltd.,Financial Services,2021-12-14
ANANTRAJ,Anant Raj Ltd.,Realty,2006-09-27
ANGELONE,Angel One Ltd.,Financial Services,2020-10-05
ANTHEM,Anthem Biosciences Ltd.,Healthcare,2025-07-21
ANURAS,Anupam Rasayan India Ltd.,Chemicals,2021-03-24
APARINDS,Apar Industries Ltd.,Capital Goods,2004-07-12
APOLLOHOSP,Apollo Hospitals Enterprise Ltd.,Healthcare,1996-01-10
APOLLOTYRE,Apollo Tyres Ltd.,Automobile and Auto Components,1995-05-31
APTUS,Aptus Value Housing Finance India Ltd.,Financial Services,2021-08-24
ASAHIINDIA,Asahi India Glass Ltd.,Automobile and Auto Components,1998-03-18
ASHOKLEY,Ashok Leyland Ltd.,Capital Goods,1995-05-25
ASIANPAINT,Asian Paints Ltd.,Consumer Durables,1995-05-31
ASTERDM,Aster DM Healthcare Ltd.,Healthcare,2018-02-26
ASTRAL,Astral Ltd.,Capital Goods,2007-03-20
ATHERENERG,Ather Energy Ltd.,Automobile and Auto Components,2025-05-06
ATUL,Atul Ltd.,Chemicals,1998-05-06
AUROPHARMA,Aurobindo Pharma Ltd.,Healthcare,2000-07-19
AIIL,Authum Investment & Infrastructure Ltd.,Financial Services,2024-04-23
DMART,Avenue Supermarts Ltd.,Consumer Services,2017-03-21
AXISBANK,Axis Bank Ltd.,Financial Services,1998-11-16
BEML,BEML Ltd.,Capital Goods,2003-11-05
BLS,BLS International Services Ltd.,Consumer Services,2016-06-14
BSE,BSE Ltd.,Financial Services,2017-02-03
BAJAJ-AUTO,Bajaj Auto Ltd.,Automobile and Auto Components,2008-05-26
BAJFINANCE,Bajaj Finance Ltd.,Financial Services,2003-04-01
BAJAJFINSV,Bajaj Finserv Ltd.,Financial Services,2008-05-26
BAJAJHLDNG,Bajaj Holdings & Investment Ltd.,Financial Services,1995-03-15
BAJAJHFL,Bajaj Housing Finance Ltd.,Financial Services,2024-09-16
BALKRISIND,Balkrishna Industries Ltd.,Automobile and Auto Components,2006-01-27
BALRAMCHIN,Balrampur Chini Mills Ltd.,Fast Moving Consumer Goods,1995-02-08
BANDHANBNK,Bandhan Bank Ltd.,Financial Services,2018-03-27
BANKBARODA,Bank of Baroda,Financial Services,1997-02-19
BANKINDIA,Bank of India,Financial Services,1997-04-30
MAHABANK,Bank of Maharashtra,Financial Services,2004-04-12
BATAINDIA,Bata India Ltd.,Consumer Durables,2003-06-18
BAYERCROP,Bayer Cropscience Ltd.,Chemicals,2010-01-08
BELRISE,Belrise Industries Ltd.,Automobile and Auto Components,2025-05-28
BERGEPAINT,Berger Paints India Ltd.,Consumer Durables,1999-11-24
BDL,Bharat Dynamics Ltd.,Capital Goods,2018-03-23
BEL,Bharat Electronics Ltd.,Capital Goods,2000-07-19
BHARATFORG,Bharat Forge Ltd.,Automobile and Auto Components,2003-04-04
BHEL,Bharat Heavy Electricals Ltd.,Capital Goods,2003-11-11
BPCL,Bharat Petroleum Corporation Ltd.,Oil Gas & Consumable Fuels,1995-09-13
BHARTIARTL,Bharti Airtel Ltd.,Telecommunication,2002-02-15
BHARTIHEXA,Bharti Hexacom Ltd.,Telecommunication,2024-04-12
BIKAJI,Bikaji Foods International Ltd.,Fast Moving Consumer Goods,2022-11-16
GROWW,Billionbrains Garage Ventures Ltd.,Financial Services,2025-11-12
BIOCON,Biocon Ltd.,Healthcare,2004-04-07
BSOFT,Birlasoft Ltd.,Information Technology,1999-11-24
BLUEDART,Blue Dart Express Ltd.,Services,2002-12-12
BLUEJET,Blue Jet Healthcare Ltd.,Healthcare,2023-11-01
BLUESTARCO,Blue Star Ltd.,Consumer Durables,2000-06-15
BBTC,Bombay Burmah Trading Corporation Ltd.,Fast Moving Consumer Goods,1996-04-03
BOSCHLTD,Bosch Ltd.,Automobile and Auto Components,2003-05-12
FIRSTCRY,Brainbees Solutions Ltd.,Consumer Services,2024-08-13
BRIGADE,Brigade Enterprises Ltd.,Realty,2007-12-31
BRITANNIA,Britannia Industries Ltd.,Fast Moving Consumer Goods,1998-11-05
MAPMYINDIA,C.E. Info Systems Ltd.,Information Technology,2021-12-21
CCL,CCL Products (I) Ltd.,Fast Moving Consumer Goods,2004-06-07
CESC,CESC Ltd.,Power,1995-02-08
CGPOWER,CG Power and Industrial Solutions Ltd.,Capital Goods,1995-03-01
CIEINDIA,CIE Automotive India Ltd.,Automobile and Auto Components,2007-08-30
CRISIL,CRISIL Ltd.,Financial Services,1995-06-28
CANFINHOME,Can Fin Homes Ltd.,Financial Services,1995-05-10
CANBK,Canara Bank,Financial Services,2002-12-23
CANHLIFE,Canara HSBC Life Insurance Company Ltd.,Financial Services,2025-10-17
CAPLIPOINT,Caplin Point Laboratories Ltd.,Healthcare,2014-06-23
CGCL,Capri Global Capital Ltd.,Financial Services,2010-10-29
CARBORUNIV,Carborundum Universal Ltd.,Capital Goods,1996-04-03
CARTRADE,Cartrade Tech Ltd.,Consumer Services,2021-08-20
CASTROLIND,Castrol India Ltd.,Oil Gas & Consumable Fuels,2014-03-14
CEATLTD,Ceat Ltd.,Automobile and Auto Components,2008-02-01
CEMPRO,Cemindia Projects Ltd.,Construction,1999-02-10
CENTRALBK,Central Bank of India,Financial Services,2007-08-21
CDSL,Central Depository Services (India) Ltd.,Financial Services,2017-06-30
CHALET,Chalet Hotels Ltd.,Consumer Services,2019-02-07
CHAMBLFERT,Chambal Fertilizers & Chemicals Ltd.,Chemicals,1995-06-14
CHENNPETRO,Chennai Petroleum Corporation Ltd.,Oil Gas & Consumable Fuels,2000-06-07
CHOICEIN,Choice International Ltd.,Financial Services,2022-04-08
CHOLAHLDNG,Cholamandalam Financial Holdings Ltd.,Financial Services,2017-09-25
CHOLAFIN,Cholamandalam Investment and Finance Company Ltd.,Financial Services,1996-05-15
CIPLA,Cipla Ltd.,Healthcare,1995-02-08
CUB,City Union Bank Ltd.,Financial Services,1998-08-25
CLEAN,Clean Science and Technology Ltd.,Chemicals,2021-07-19
COALINDIA,Coal India Ltd.,Oil Gas & Consumable Fuels,2010-11-04
COCHINSHIP,Cochin Shipyard Ltd.,Capital Goods,2017-08-11
COFORGE,Coforge Ltd.,Information Technology,2004-08-30
COHANCE,Cohance Lifesciences Ltd.,Healthcare,2020-03-09
COLPAL,Colgate Palmolive (India) Ltd.,Fast Moving Consumer Goods,2007-12-17
CAMS,Computer Age Management Services Ltd.,Financial Services,2021-05-07
CONCORDBIO,Concord Biotech Ltd.,Healthcare,2023-08-18
CONCOR,Container Corporation of India Ltd.,Services,1997-05-07
COROMANDEL,Coromandel International Ltd.,Chemicals,1995-05-31
CRAFTSMAN,Craftsman Automation Ltd.,Automobile and Auto Components,2021-03-25
CREDITACC,CreditAccess Grameen Ltd.,Financial Services,2018-08-23
CROMPTON,Crompton Greaves Consumer Electricals Ltd.,Consumer Durables,2016-05-13
CUMMINSIND,Cummins India Ltd.,Capital Goods,1995-03-29
CYIENT,Cyient Ltd.,Information Technology,1998-09-30
DCMSHRIRAM,DCM Shriram Ltd.,Diversified,1995-04-12
DLF,DLF Ltd.,Realty,2007-07-05
DOMS,DOMS Industries Ltd.,Fast Moving Consumer Goods,2023-12-20
DABUR,Dabur India Ltd.,Fast Moving Consumer Goods,1999-04-28
DALBHARAT,Dalmia Bharat Ltd.,Construction Materials,2019-01-22
DATAPATTNS,Data Patterns (India) Ltd.,Capital Goods,2021-12-24
DEEPAKFERT,Deepak Fertilisers & Petrochemicals Corp. Ltd.,Chemicals,2003-01-17
DEEPAKNTR,Deepak Nitrite Ltd.,Chemicals,2010-09-29
DELHIVERY,Delhivery Ltd.,Services,2022-05-24
DEVYANI,Devyani International Ltd.,Consumer Services,2021-08-16
DIVISLAB,Divi's Laboratories Ltd.,Healthcare,2003-03-12
DIXON,Dixon Technologies (India) Ltd.,Consumer Durables,2017-09-18
LALPATHLAB,Dr. Lal Path Labs Ltd.,Healthcare,2015-12-23
DRREDDY,Dr. Reddy's Laboratories Ltd.,Healthcare,2003-05-30
EIDPARRY,E.I.D. Parry (India) Ltd.,Fast Moving Consumer Goods,1995-05-10
EIHOTEL,EIH Ltd.,Consumer Services,1995-02-08
EICHERMOT,Eicher Motors Ltd.,Automobile and Auto Components,2004-09-07
ELECON,Elecon Engineering Co. Ltd.,Capital Goods,2006-09-29
ELGIEQUIP,Elgi Equipments Ltd.,Capital Goods,1995-11-22
EMAMILTD,Emami Ltd.,Fast Moving Consumer Goods,2006-08-03
EMCURE,Emcure Pharmaceuticals Ltd.,Healthcare,2024-07-10
EMMVEE,Emmvee Photovoltaic Power Ltd.,Capital Goods,2025-11-18
ENDURANCE,Endurance Technologies Ltd.,Automobile and Auto Components,2016-10-19
ENGINERSIN,Engineers India Ltd.,Construction,1997-08-20
ERIS,Eris Lifesciences Ltd.,Healthcare,2017-06-29
ESCORTS,Escorts Kubota Ltd.,Capital Goods,1995-03-01
ETERNAL,Eternal Ltd.,Consumer Services,2021-07-23
EXIDEIND,Exide Industries Ltd.,Automobile and Auto Components,2003-06-17
NYKAA,FSN E-Commerce Ventures Ltd.,Consumer Services,2021-11-10
FEDERALBNK,Federal Bank Ltd.,Financial Services,1995-02-08
FACT,Fertilisers and Chemicals Travancore Ltd.,Chemicals,1995-04-12
FINCABLES,Finolex Cables Ltd.,Capital Goods,1995-02-15
FSL,Firstsource Solutions Ltd.,Services,2007-02-22
FIVESTAR,Five-Star Business Finance Ltd.,Financial Services,2022-11-21
FORCEMOT,Force Motors Ltd.,Automobile and Auto Components,2024-02-14
FORTIS,Fortis Healthcare Ltd.,Healthcare,2007-05-09
GAIL,GAIL (India) Ltd.,Oil Gas & Consumable Fuels,1997-04-02
GVT&D,GE Vernova T&D India Ltd.,Capital Goods,2008-06-30
GMRAIRPORT,GMR Airports Ltd.,Services,2006-08-21
GABRIEL,Gabriel India Ltd.,Automobile and Auto Components,2005-04-20
GALLANTT,Gallantt Ispat Ltd.,Capital Goods,2006-04-04
GRSE,Garden Reach Shipbuilders & Engineers Ltd.,Capital Goods,2018-10-10
GICRE,General Insurance Corporation of India,Financial Services,2017-10-25
GILLETTE,Gillette India Ltd.,Fast Moving Consumer Goods,2003-07-30
GLAND,Gland Pharma Ltd.,Healthcare,2020-11-20
GLAXO,Glaxosmithkline Pharmaceuticals Ltd.,Healthcare,2000-12-15
GLENMARK,Glenmark Pharmaceuticals Ltd.,Healthcare,2000-02-07
MEDANTA,Global Health Ltd.,Healthcare,2022-11-16
GODIGIT,Go Digit General Insurance Ltd.,Financial Services,2024-05-23
GPIL,Godawari Power & Ispat Ltd.,Capital Goods,2006-04-25
GODFRYPHLP,Godfrey Phillips India Ltd.,Fast Moving Consumer Goods,1996-07-24
GODREJCP,Godrej Consumer Products Ltd.,Fast Moving Consumer Goods,2001-06-20
GODREJIND,Godrej Industries Ltd.,Diversified,2003-02-25
GODREJPROP,Godrej Properties Ltd.,Realty,2010-01-05
GRANULES,Granules India Ltd.,Healthcare,2005-06-20
GRAPHITE,Graphite India Ltd.,Capital Goods,2003-02-07
GRASIM,Grasim Industries Ltd.,Construction Materials,1995-05-10
GRAVITA,Gravita India Ltd.,Metals & Mining,2010-11-16
GESHIP,Great Eastern Shipping Co. Ltd.,Services,2006-11-27
FLUOROCHEM,Gujarat Fluorochemicals Ltd.,Chemicals,2019-10-16
GMDCLTD,Gujarat Mineral Development Corporation Ltd.,Metals & Mining,1997-12-17
HEG,H.E.G. Ltd.,Capital Goods,1995-05-10
HBLENGINE,HBL Engineering Ltd.,Capital Goods,2007-01-04
HCLTECH,HCL Technologies Ltd.,Information Technology,2000-01-06
HDBFS,HDB Financial Services Ltd.,Financial Services,2025-07-02
HDFCAMC,HDFC Asset Management Company Ltd.,Financial Services,2018-08-06
HDFCBANK,HDFC Bank Ltd.,Financial Services,1995-11-08
HDFCLIFE,HDFC Life Insurance Company Ltd.,Financial Services,2017-11-17
HFCL,HFCL Ltd.,Telecommunication,2011-03-09
HAVELLS,Havells India Ltd.,Consumer Durables,2001-03-21
HEROMOTOCO,Hero MotoCorp Ltd.,Automobile and Auto Components,2003-04-11
HEXT,Hexaware Technologies Ltd.,Information Technology,2025-02-19
HSCL,Himadri Speciality Chemical Ltd.,Chemicals,2007-03-02
HINDALCO,Hindalco Industries Ltd.,Metals & Mining,1997-01-08
HAL,Hindustan Aeronautics Ltd.,Capital Goods,2018-03-28
HINDCOPPER,Hindustan Copper Ltd.,Metals & Mining,2010-09-15
HINDPETRO,Hindustan Petroleum Corporation Ltd.,Oil Gas & Consumable Fuels,1998-06-17
HINDUNILVR,Hindustan Unilever Ltd.,Fast Moving Consumer Goods,1995-07-06
HINDZINC,Hindustan Zinc Ltd.,Metals & Mining,2006-11-21
POWERINDIA,Hitachi Energy India Ltd.,Capital Goods,2020-03-30
HOMEFIRST,Home First Finance Company India Ltd.,Financial Services,2021-02-03
HONASA,Honasa Consumer Ltd.,Fast Moving Consumer Goods,2023-11-07
HONAUT,Honeywell Automation India Ltd.,Capital Goods,2003-07-18
HUDCO,Housing & Urban Development Corporation Ltd.,Financial Services,2017-05-19
HYUNDAI,Hyundai Motor India Ltd.,Automobile and Auto Components,2024-10-22
ICICIBANK,ICICI Bank Ltd.,Financial Services,1997-09-17
ICICIGI,ICICI Lombard General Insurance Company Ltd.,Financial Services,2017-09-27
ICICIAMC,ICICI Prudential Asset Management Company Ltd.,Financial Services,2025-12-19
ICICIPRULI,ICICI Prudential Life Insurance Company Ltd.,Financial Services,2016-09-29
IDBI,IDBI Bank Ltd.,Financial Services,1995-09-20
IDFCFIRSTB,IDFC First Bank Ltd.,Financial Services,2015-11-06
IFCI,IFCI Ltd.,Financial Services,1995-04-26
IIFL,IIFL Finance Ltd.,Financial Services,2005-05-17
IRB,IRB Infrastructure Developers Ltd.,Construction,2008-02-25
IRCON,IRCON International Ltd.,Construction,2018-09-28
ITCHOTELS,ITC Hotels Ltd.,Consumer Services,2025-01-29
ITC,ITC Ltd.,Fast Moving Consumer Goods,1995-08-23
ITI,ITI Ltd.,Telecommunication,2003-09-15
INDGN,Indegene Ltd.,Healthcare,2024-05-13
INDIACEM,India Cements Ltd.,Construction Materials,2000-05-31
INDIAMART,Indiamart Intermesh Ltd.,Consumer Services,2019-07-04
INDIANB,Indian Bank,Financial Services,2007-03-01
IEX,Indian Energy Exchange Ltd.,Financial Services,2017-10-23
INDHOTEL,Indian Hotels Co. Ltd.,Consumer Services,1996-07-03
IOC,Indian Oil Corporation Ltd.,Oil Gas & Consumable Fuels,1996-07-24
IOB,Indian Overseas Bank,Financial Services,2000-12-07
IRCTC,Indian Railway Catering And Tourism Corporation Ltd.,Consumer Services,2019-10-14
IRFC,Indian Railway Finance Corporation Ltd.,Financial Services,2021-01-29
IREDA,Indian Renewable Energy Development Agency Ltd.,Financial Services,2023-11-29
IGL,Indraprastha Gas Ltd.,Oil Gas & Consumable Fuels,2003-12-26
INDUSTOWER,Indus Towers Ltd.,Telecommunication,2012-12-28
INDUSINDBK,IndusInd Bank Ltd.,Financial Services,1998-01-28
NAUKRI,Info Edge (India) Ltd.,Consumer Services,2006-11-21
INFY,Infosys Ltd.,Information Technology,1995-02-08
INOXWIND,Inox Wind Ltd.,Capital Goods,2015-04-09
INTELLECT,Intellect Design Arena Ltd.,Information Technology,2014-12-18
INDIGO,InterGlobe Aviation Ltd.,Services,2015-11-10
IGIL,International Gemological Institute Ltd.,Services,2024-12-20
IKS,Inventurus Knowledge Solutions Ltd.,Information Technology,2024-12-19
IPCALAB,Ipca Laboratories Ltd.,Healthcare,1995-02-08
JBCHEPHARM,J.B. Chemicals & Pharmaceuticals Ltd.,Healthcare,2003-04-29
JKCEMENT,J.K. Cement Ltd.,Construction Materials,2006-03-14
JBMA,JBM Auto Ltd.,Automobile and Auto Components,2004-12-17
JKTYRE,JK Tyre & Industries Ltd.,Automobile and Auto Components,2007-03-19
JMFINANCIL,JM Financial Ltd.,Financial Services,2006-10-10
JSWCEMENT,JSW Cement Ltd.,Construction Materials,2025-08-14
JSWDULUX,JSW Dulux Ltd.,Consumer Durables,2001-06-28
JSWENERGY,JSW Energy Ltd.,Power,2010-01-04
JSWINFRA,JSW Infrastructure Ltd.,Services,2023-10-03
JSWSTEEL,JSW Steel Ltd.,Metals & Mining,2005-03-23
JAINREC,Jain Resource Recycling Ltd.,Metals & Mining,2025-10-01
JPPOWER,Jaiprakash Power Ventures Ltd.,Power,2005-04-18
J&KBANK,Jammu & Kashmir Bank Ltd.,Financial Services,1998-07-22
JINDALSAW,Jindal Saw Ltd.,Capital Goods,2003-04-29
JSL,Jindal Stainless Ltd.,Metals & Mining,2003-11-17
JINDALSTEL,Jindal Steel Ltd.,Metals & Mining,1999-12-29
JIOFIN,Jio Financial Services Ltd.,Financial Services,2023-08-21
JUBLFOOD,Jubilant Foodworks Ltd.,Consumer Services,2010-02-08
JUBLINGREA,Jubilant Ingrevia Ltd.,Chemicals,2021-03-19
JUBLPHARMA,Jubilant Pharmova Ltd.,Healthcare,2003-06-16
JWL,Jupiter Wagons Ltd.,Capital Goods,2010-10-18
JYOTICNC,Jyoti CNC Automation Ltd.,Capital Goods,2024-01-16
KPRMILL,K.P.R. Mill Ltd.,Textiles,2007-08-28
KEI,KEI Industries Ltd.,Capital Goods,2006-03-23
KPITTECH,KPIT Technologies Ltd.,Information Technology,2019-04-22
KAJARIACER,Kajaria Ceramics Ltd.,Consumer Durables,2004-06-01
KPIL,Kalpataru Projects International Ltd.,Construction,2000-12-15
KALYANKJIL,Kalyan Jewellers India Ltd.,Consumer Durables,2021-03-26
KARURVYSYA,Karur Vysya Bank Ltd.,Financial Services,2000-07-26
KAYNES,Kaynes Technology India Ltd.,Capital Goods,2022-11-22
KEC,Kec International Ltd.,Construction,2006-03-10
KFINTECH,Kfin Technologies Ltd.,Financial Services,2022-12-29
KIRLOSENG,Kirloskar Oil Eng Ltd.,Capital Goods,2010-12-24
KOTAKBANK,Kotak Mahindra Bank Ltd.,Financial Services,1995-12-20
KIMS,Krishna Institute of Medical Sciences Ltd.,Healthcare,2021-06-28
LTF,L&T Finance Ltd.,Financial Services,2011-08-12
LTTS,L&T Technology Services Ltd.,Information Technology,2016-09-23
LGEINDIA,LG Electronics India Ltd.,Consumer Durables,2025-10-14
LICHSGFIN,LIC Housing Finance Ltd.,Financial Services,1998-07-29
LTFOODS,LT Foods Ltd.,Fast Moving Consumer Goods,2006-12-18
LTM,LTM Ltd.,Information Technology,2016-07-21
LT,Larsen & Toubro Ltd.,Construction,2004-06-23
LATENTVIEW,Latent View Analytics Ltd.,Information Technology,2021-11-23
LAURUSLABS,Laurus Labs Ltd.,Healthcare,2016-12-19
THELEELA,Leela Palaces Hotels & Resorts Ltd.,Consumer Services,2025-06-02
LEMONTREE,Lemon Tree Hotels Ltd.,Consumer Services,2018-04-09
LENSKART,Lenskart Solutions Ltd.,Consumer Services,2025-11-10
LICI,Life Insurance Corporation of India,Financial Services,2022-05-17
LINDEINDIA,Linde India Ltd.,Chemicals,1999-06-16
LLOYDSME,Lloyds Metals And Energy Ltd.,Metals & Mining,2023-07-17
LODHA,Lodha Developers Ltd.,Realty,2021-04-19
LUPIN,Lupin Ltd.,Healthcare,2001-09-10
MMTC,MMTC Ltd.,Services,2012-04-09
MRF,MRF Ltd.,Automobile and Auto Components,1996-09-18
MGL,Mahanagar Gas Ltd.,Oil Gas & Consumable Fuels,2016-07-01
M&MFIN,Mahindra & Mahindra Financial Services Ltd.,Financial Services,2006-03-17
M&M,Mahindra & Mahindra Ltd.,Automobile and Auto Components,1996-01-03
MANAPPURAM,Manappuram Finance Ltd.,Financial Services,2014-12-01
MRPL,Mangalore Refinery & Petrochemicals Ltd.,Oil Gas & Consumable Fuels,2005-01-07
MANKIND,Mankind Pharma Ltd.,Healthcare,2023-05-09
MARICO,Marico Ltd.,Fast Moving Consumer Goods,1996-05-01
MARUTI,Maruti Suzuki India Ltd.,Automobile and Auto Components,2003-07-09
MFSL,Max Financial Services Ltd.,Financial Services,2000-05-17
MAXHEALTH,Max Healthcare Institute Ltd.,Healthcare,2020-08-21
MAZDOCK,Mazagoan Dock Shipbuilders Ltd.,Capital Goods,2020-10-12
MEESHO,Meesho Ltd.,Consumer Services,2025-12-10
MINDACORP,Minda Corporation Ltd.,Automobile and Auto Components,2014-10-16
MSUMI,Motherson Sumi Wiring India Ltd.,Automobile and Auto Components,2022-03-28
MOTILALOFS,Motilal Oswal Financial Services Ltd.,Financial Services,2007-09-11
MPHASIS,MphasiS Ltd.,Information Technology,2004-06-04
MCX,Multi Commodity Exchange of India Ltd.,Financial Services,2012-03-09
MUTHOOTFIN,Muthoot Finance Ltd.,Financial Services,2011-05-06
NATCOPHARM,NATCO Pharma Ltd.,Healthcare,1995-12-27
NBCC,NBCC (India) Ltd.,Construction,2012-04-12
NCC,NCC Ltd.,Construction,2003-10-14
NHPC,NHPC Ltd.,Power,2009-09-01
NLCINDIA,NLC India Ltd.,Power,2000-08-23
NMDC,NMDC Ltd.,Metals & Mining,2008-03-03
NSLNISP,NMDC Steel Ltd.,Metals & Mining,2023-02-20
NTPCGREEN,NTPC Green Energy Ltd.,Power,2024-11-27
NTPC,NTPC Ltd.,Power,2004-11-05
NH,Narayana Hrudayalaya Ltd.,Healthcare,2016-01-06
NATIONALUM,National Aluminium Co. Ltd.,Metals & Mining,1999-04-28
NAVA,Nava Ltd.,Power,1996-04-03
NAVINFLUOR,Navin Fluorine International Ltd.,Chemicals,2007-06-01
NESTLEIND,Nestle India Ltd.,Fast Moving Consumer Goods,2023-08-01
NETWEB,Netweb Technologies India Ltd.,Information Technology,2023-07-27
NEULANDLAB,Neuland Laboratories Ltd.,Healthcare,2008-10-13
NEWGEN,Newgen Software Technologies Ltd.,Information Technology,2018-01-29
NAM-INDIA,Nippon Life India Asset Management Ltd.,Financial Services,2017-11-06
NIVABUPA,Niva Bupa Health Insurance Company Ltd.,Financial Services,2024-11-14
NUVAMA,Nuvama Wealth Management Ltd.,Financial Services,2023-09-26
NUVOCO,Nuvoco Vistas Corporation Ltd.,Construction Materials,2021-08-23
OBEROIRLTY,Oberoi Realty Ltd.,Realty,2010-10-20
ONGC,Oil & Natural Gas Corporation Ltd.,Oil Gas & Consumable Fuels,1995-07-19
OIL,Oil India Ltd.,Oil Gas & Consumable Fuels,2009-09-30
OLAELEC,Ola Electric Mobility Ltd.,Automobile and Auto Components,2024-08-09
OLECTRA,Olectra Greentech Ltd.,Automobile and Auto Components,2002-03-20
PAYTM,One 97 Communications Ltd.,Financial Services,2021-11-18
ONESOURCE,Onesource Specialty Pharma Ltd.,Healthcare,2025-01-24
OFSS,Oracle Financial Services Software Ltd.,Information Technology,2002-06-28
POLICYBZR,PB Fintech Ltd.,Financial Services,2021-11-15
PCBL,PCBL Chemical Ltd.,Chemicals,1995-03-29
PGEL,PG Electroplast Ltd.,Consumer Durables,2011-09-26
PIIND,PI Industries Ltd.,Chemicals,2011-06-15
PNBHOUSING,PNB Housing Finance Ltd.,Financial Services,2016-11-07
PTCIL,PTC Industries Ltd.,Capital Goods,2023-06-09
PVRINOX,PVR INOX Ltd.,Media Entertainment & Publication,2006-01-04
PAGEIND,Page Industries Ltd.,Textiles,2007-03-16
PARADEEP,Paradeep Phosphates Ltd.,Chemicals,2022-05-27
PATANJALI,Patanjali Foods Ltd.,Fast Moving Consumer Goods,2020-01-24
PERSISTENT,Persistent Systems Ltd.,Information Technology,2010-04-06
PETRONET,Petronet LNG Ltd.,Oil Gas & Consumable Fuels,2004-03-26
PFIZER,Pfizer Ltd.,Healthcare,1999-04-28
PHOENIXLTD,Phoenix Mills Ltd.,Realty,2007-04-23
PWL,Physicswallah Ltd.,Consumer Services,2025-11-18
PIDILITIND,Pidilite Industries Ltd.,Chemicals,1995-03-29
PINELABS,Pine Labs Ltd.,Financial Services,2025-11-14
PIRAMALFIN,Piramal Finance Ltd.,Financial Services,2025-11-07
PPLPHARMA,Piramal Pharma Ltd.,Healthcare,2022-10-19
POLYMED,Poly Medicure Ltd.,Healthcare,2011-12-07
POLYCAB,Polycab India Ltd.,Capital Goods,2019-04-16
POONAWALLA,Poonawalla Fincorp Ltd.,Financial Services,2004-04-27
PFC,Power Finance Corporation Ltd.,Financial Services,2007-02-23
POWERGRID,Power Grid Corporation of India Ltd.,Power,2007-10-05
PREMIERENE,Premier Energies Ltd.,Capital Goods,2024-09-03
PRESTIGE,Prestige Estates Projects Ltd.,Realty,2010-10-27
PNB,Punjab National Bank,Financial Services,2002-04-24
RRKABEL,R R Kabel Ltd.,Capital Goods,2023-09-20
RBLBANK,RBL Bank Ltd.,Financial Services,2016-08-31
RECLTD,REC Ltd.,Financial Services,2008-03-12
RHIM,RHI MAGNESITA INDIA LTD.,Capital Goods,2012-03-12
RITES,RITES Ltd.,Construction,2018-07-02
RADICO,Radico Khaitan Ltd,Fast Moving Consumer Goods,2003-06-18
RVNL,Rail Vikas Nigam Ltd.,Construction,2019-04-11
RAILTEL,Railtel Corporation Of India Ltd.,Telecommunication,2021-02-26
RAINBOW,Rainbow Childrens Medicare Ltd.,Healthcare,2022-05-10
RKFORGE,Ramkrishna Forgings Ltd.,Automobile and Auto Components,2004-05-05
REDINGTON,Redington Ltd.,Services,2007-02-15
RELIANCE,Reliance Industries Ltd.,Oil Gas & Consumable Fuels,1995-11-29
RPOWER,Reliance Power Ltd.,Power,2008-02-11
SBFC,SBFC Finance Ltd.,Financial Services,2023-08-16
SBICARD,SBI Cards and Payment Services Ltd.,Financial Services,2020-03-16
SBILIFE,SBI Life Insurance Company Ltd.,Financial Services,2017-10-03
SJVN,SJVN Ltd.,Power,2010-05-20
SRF,SRF Ltd.,Chemicals,2003-08-18
SAGILITY,Sagility Ltd.,Information Technology,2024-11-12
SAILIFE,Sai Life Sciences Ltd.,Healthcare,2024-12-18
SAMMAANCAP,Sammaan Capital Ltd.,Financial Services,2013-07-23
MOTHERSON,Samvardhana Motherson International Ltd.,Automobile and Auto Components,1996-08-14
SAPPHIRE,Sapphire Foods India Ltd.,Consumer Services,2021-11-18
SARDAEN,Sarda Energy and Minerals Ltd.,Metals & Mining,2009-12-03
SAREGAMA,Saregama India Ltd,Media Entertainment & Publication,1997-07-30
SCHAEFFLER,Schaeffler India Ltd.,Automobile and Auto Components,2000-11-29
SCHNEIDER,Schneider Electric Infrastructure Ltd.,Capital Goods,2012-03-20
SCI,Shipping Corporation of India Ltd.,Services,1997-08-13
SHREECEM,Shree Cement Ltd.,Construction Materials,1995-04-26
SHRIRAMFIN,Shriram Finance Ltd.,Financial Services,1996-12-11
SHYAMMETL,Shyam Metalics and Energy Ltd.,Capital Goods,2021-06-24
ENRIN,Siemens Energy India Ltd.,Capital Goods,2025-06-19
SIEMENS,Siemens Ltd.,Capital Goods,1995-09-06
SIGNATURE,Signatureglobal (India) Ltd.,Realty,2023-09-27
SOBHA,Sobha Ltd.,Realty,2006-12-20
SOLARINDS,Solar Industries India Ltd.,Chemicals,2006-04-03
SONACOMS,Sona BLW Precision Forgings Ltd.,Automobile and Auto Components,2021-06-24
SONATSOFTW,Sonata Software Ltd.,Information Technology,1999-07-28
STARHEALTH,Star Health and Allied Insurance Company Ltd.,Financial Services,2021-12-10
SBIN,State Bank of India,Financial Services,1995-03-01
SAIL,Steel Authority of India Ltd.,Metals & Mining,1995-07-06
SUMICHEM,Sumitomo Chemical India Ltd.,Chemicals,2020-01-27
SUNPHARMA,Sun Pharmaceutical Industries Ltd.,Healthcare,1995-02-08
SUNTV,Sun TV Network Ltd.,Media Entertainment & Publication,2006-04-24
SUNDARMFIN,Sundaram Finance Ltd.,Financial Services,1998-01-07
SUPREMEIND,Supreme Industries Ltd.,Capital Goods,1995-07-19
SPLPETRO,Supreme Petrochem Ltd.,Chemicals,2022-05-24
SUZLON,Suzlon Energy Ltd.,Capital Goods,2005-10-19
SWANCORP,Swan Corp Ltd.,Chemicals,2012-05-29
SWIGGY,Swiggy Ltd.,Consumer Services,2024-11-13
SYNGENE,Syngene International Ltd.,Healthcare,2015-08-11
SYRMA,Syrma SGS Technology Ltd.,Capital Goods,2022-08-26
TBOTEK,TBO Tek Ltd.,Consumer Services,2024-05-15
TVSMOTOR,TVS Motor Company Ltd.,Automobile and Auto Components,2000-08-02
TATACAP,Tata Capital Ltd.,Financial Services,2025-10-13
TATACHEM,Tata Chemicals Ltd.,Chemicals,1999-04-01
TATACOMM,Tata Communications Ltd.,Telecommunication,1995-04-12
TCS,Tata Consultancy Services Ltd.,Information Technology,2004-08-25
TATACONSUM,Tata Consumer Products Ltd.,Fast Moving Consumer Goods,1998-11-18
TATAELXSI,Tata Elxsi Ltd.,Information Technology,2003-09-17
TATAINVEST,Tata Investment Corporation Ltd.,Financial Services,1998-06-24
TMCV,Tata Motors Ltd.,Capital Goods,2025-11-12
TMPV,Tata Motors Passenger Vehicles Ltd.,Automobile and Auto Components,1998-07-22
TATAPOWER,Tata Power Co. Ltd.,Power,1996-04-03
TATASTEEL,Tata Steel Ltd.,Metals & Mining,1998-11-18
TATATECH,Tata Technologies Ltd.,Information Technology,2023-11-30
TTML,Tata Teleservices (Maharashtra) Ltd.,Telecommunication,2000-10-20
TECHM,Tech Mahindra Ltd.,Information Technology,2006-08-28
TECHNOE,Techno Electric & Engineering Company Ltd.,Construction,2018-12-04
TEGA,Tega Industries Ltd.,Capital Goods,2021-12-13
TEJASNET,Tejas Networks Ltd.,Telecommunication,2017-06-27
TENNIND,Tenneco Clean Air India Ltd.,Automobile and Auto Components,2025-11-19
NIACL,The New India Assurance Company Ltd.,Financial Services,2017-11-13
RAMCOCEM,The Ramco Cements Ltd.,Construction Materials,1997-04-09
THERMAX,Thermax Ltd.,Capital Goods,1995-08-30
TIMKEN,Timken India Ltd.,Capital Goods,2007-02-06
TITAGARH,Titagarh Rail Systems Ltd.,Capital Goods,2008-04-21
TITAN,Titan Company Ltd.,Consumer Durables,2004-09-24
TORNTPHARM,Torrent Pharmaceuticals Ltd.,Healthcare,2002-11-25
TORNTPOWER,Torrent Power Ltd.,Power,2006-11-28
TARIL,Transformers And Rectifiers (India) Ltd.,Capital Goods,2007-12-28
TRAVELFOOD,Travel Food Services Ltd.,Consumer Services,2025-07-14
TRENT,Trent Ltd.,Consumer Services,2004-06-07
TRIDENT,Trident Ltd.,Textiles,2001-02-21
TRITURBINE,Triveni Turbine Ltd.,Capital Goods,2011-10-28
TIINDIA,Tube Investments of India Ltd.,Automobile and Auto Components,2017-11-02
UCOBANK,UCO Bank,Financial Services,2003-10-09
UNOMINDA,UNO Minda Ltd.,Automobile and Auto Components,2007-02-02
UPL,UPL Ltd.,Chemicals,2004-01-23
UTIAMC,UTI Asset Management Company Ltd.,Financial Services,2020-10-12
ULTRACEMCO,UltraTech Cement Ltd.,Construction Materials,2004-08-24
UNIONBANK,Union Bank of India,Financial Services,2002-09-24
UBL,United Breweries Ltd.,Fast Moving Consumer Goods,2008-07-28
UNITDSPR,United Spirits Ltd.,Fast Moving Consumer Goods,2001-09-27
URBANCO,Urban Company Ltd.,Consumer Services,2025-09-17
USHAMART,Usha Martin Ltd.,Capital Goods,2000-10-11
VTL,Vardhman Textiles Ltd.,Textiles,2003-01-14
VBL,Varun Beverages Ltd.,Fast Moving Consumer Goods,2016-11-08
VEDL,Vedanta Ltd.,Metals & Mining,1998-05-13
VIJAYA,Vijaya Diagnostic Centre Ltd.,Healthcare,2021-09-14
VMM,Vishal Mega Mart Ltd.,Consumer Services,2024-12-18
IDEA,Vodafone Idea Ltd.,Telecommunication,2007-03-09
VOLTAS,Voltas Ltd.,Consumer Durables,1995-04-12
WAAREEENER,Waaree Energies Ltd.,Capital Goods,2024-10-28
WELCORP,Welspun Corp Ltd.,Capital Goods,2005-05-24
WELSPUNLIV,Welspun Living Ltd.,Textiles,2003-12-04
WHIRLPOOL,Whirlpool of India Ltd.,Consumer Durables,2010-04-06
WIPRO,Wipro Ltd.,Information Technology,1995-11-08
WOCKPHARMA,Wockhardt Ltd.,Healthcare,2000-02-23
YESBANK,Yes Bank Ltd.,Financial Services,2005-07-12
ZFCVINDIA,ZF Commercial Vehicle Control Systems India Ltd.,Automobile and Auto Components,2008-10-01
ZEEL,Zee Entertainment Enterprises Ltd.,Media Entertainment & Publication,1998-09-09
ZENTEC,Zen Technologies Ltd.,Capital Goods,2015-03-30
ZENSARTECH,Zensar Technolgies Ltd.,Information Technology,2003-07-09
ZYDUSLIFE,Zydus Lifesciences Ltd.,Healthcare,2000-04-18
ZYDUSWELL,Zydus Wellness Ltd.,Fast Moving Consumer Goods,2009-11-13
ECLERX,eClerx Services Ltd.,Services,2007-12-31
